เดือน,ประเภท,ยี่ห้อ,แบบรถ,จำนวน,ประเภทรถ (ต้นทาง)
2024-01,RY1,AION,AION ES,6,รถยนต์นั่งส่วนบุคคลไม่เกิน 7 คน
2024-01,RY1,AION,AION Y PLUS,179,รถยนต์นั่งส่วนบุคคลไม่เกิน 7 คน
2024-01,RY1,ASTON MARTIN,VANTAGE F1 COUPE,1,รถยนต์นั่งส่วนบุคคลไม่เกิน 7 คน
2024-01,RY1,AUDI,A4 40 TFSI S line IB,2,รถยนต์นั่งส่วนบุคคลไม่เกิน 7 คน
2024-01,RY1,AUDI,A4 AV 45 TFSI q S line IB,1,รถยนต์นั่งส่วนบุคคลไม่เกิน 7 คน
2024-01,RY1,AUDI,A5,1,รถยนต์นั่งส่วนบุคคลไม่เกิน 7 คน
2024-01,RY1,AUDI,A5 CP 40 TFSI S line,13,รถยนต์นั่งส่วนบุคคลไม่เกิน 7 คน
2024-01,RY1,AUDI,A5 CP 45 TFSI q S line BE,2,รถยนต์นั่งส่วนบุคคลไม่เกิน 7 คน
2024-01,RY1,AUDI,A5 SB 40 TFSI S line,12,รถยนต์นั่งส่วนบุคคลไม่เกิน 7 คน
2024-01,RY1,AUDI,A5 SB 45 TFSI q S line BE,2,รถยนต์นั่งส่วนบุคคลไม่เกิน 7 คน
2024-01,RY1,AUDI,A7 SB 45 TFSI,1,รถยนต์นั่งส่วนบุคคลไม่เกิน 7 คน
2024-01,RY1,AUDI,e-tron SB 55 q S line,1,รถยนต์นั่งส่วนบุคคลไม่เกิน 7 คน
2024-01,RY1,AUDI,Q3 35 TFSI S line,1,รถยนต์นั่งส่วนบุคคลไม่เกิน 7 คน
2024-01,RY1,AUDI,Q3 40 TFSI q S line BE,2,รถยนต์นั่งส่วนบุคคลไม่เกิน 7 คน
2024-01,RY1,AUDI,Q3 SB 40 TFSI q S line BE,4,รถยนต์นั่งส่วนบุคคลไม่เกิน 7 คน
2024-01,RY1,AUDI,Q5 55 TFSI e q S line,2,รถยนต์นั่งส่วนบุคคลไม่เกิน 7 คน
2024-01,RY1,AUDI,Q5 55 TFSI e q S line BE,3,รถยนต์นั่งส่วนบุคคลไม่เกิน 7 คน
2024-01,RY1,AUDI,Q5 SB 55 TFSIe q S lineBE,7,รถยนต์นั่งส่วนบุคคลไม่เกิน 7 คน
2024-01,RY1,AUDI,Q7 60 TFSI e q S line BE,2,รถยนต์นั่งส่วนบุคคลไม่เกิน 7 คน
2024-01,RY1,AUDI,Q8 60 TFSI e q S line BE,5,รถยนต์นั่งส่วนบุคคลไม่เกิน 7 คน
2024-01,RY1,AUDI,Q8 SB etron 55 q Sline BE,2,รถยนต์นั่งส่วนบุคคลไม่เกิน 7 คน
2024-01,RY1,AUDI,RS 4 Avant q competition,3,รถยนต์นั่งส่วนบุคคลไม่เกิน 7 คน
2024-01,RY1,AUDI,RS 5 Coupe q competition,1,รถยนต์นั่งส่วนบุคคลไม่เกิน 7 คน
2024-01,RY1,AUDI,RS 5 Coupe quattro,2,รถยนต์นั่งส่วนบุคคลไม่เกิน 7 คน
2024-01,RY1,AUDI,RS 6 Avant quattro,1,รถยนต์นั่งส่วนบุคคลไม่เกิน 7 คน
2024-01,RY1,AUDI,RS 7 SB q performance,2,รถยนต์นั่งส่วนบุคคลไม่เกิน 7 คน
2024-01,RY1,AUDI,TT Coupe 45 TFSI q S line,4,รถยนต์นั่งส่วนบุคคลไม่เกิน 7 คน
2024-01,RY1,AUDI,TT Coupe Final Icon Black,9,รถยนต์นั่งส่วนบุคคลไม่เกิน 7 คน
2024-01,RY1,AUDI,TT RS Coupe q,1,รถยนต์นั่งส่วนบุคคลไม่เกิน 7 คน
2024-01,RY1,AUDI,TT RS Heritage Edition,1,รถยนต์นั่งส่วนบุคคลไม่เกิน 7 คน
2024-01,RY1,BENTLEY,BENTAYGA HYBRID,3,รถยนต์นั่งส่วนบุคคลไม่เกิน 7 คน
2024-01,RY1,BENTLEY,BENTAYGA ODYSSEAN EDITION,1,รถยนต์นั่งส่วนบุคคลไม่เกิน 7 คน
2024-01,RY1,BENTLEY,FLYING SPUR AZURE HYBRID,1,รถยนต์นั่งส่วนบุคคลไม่เกิน 7 คน
2024-01,RY1,BENTLEY,FLYING SPUR HYBRID,7,รถยนต์นั่งส่วนบุคคลไม่เกิน 7 คน
2024-01,RY1,BENTLEY,FLYING SPUR S HYBRID,1,รถยนต์นั่งส่วนบุคคลไม่เกิน 7 คน
2024-01,RY1,BMW,220i Gran Coupe M Sport,79,รถยนต์นั่งส่วนบุคคลไม่เกิน 7 คน
2024-01,RY1,BMW,220i Gran Coupe Sport,1,รถยนต์นั่งส่วนบุคคลไม่เกิน 7 คน
2024-01,RY1,BMW,320d GT Luxury,1,รถยนต์นั่งส่วนบุคคลไม่เกิน 7 คน
2024-01,RY1,BMW,320d M Sport,92,รถยนต์นั่งส่วนบุคคลไม่เกิน 7 คน
2024-01,RY1,BMW,320d Sport,1,รถยนต์นั่งส่วนบุคคลไม่เกิน 7 คน
2024-01,RY1,BMW,320Li,2,รถยนต์นั่งส่วนบุคคลไม่เกิน 7 คน
2024-01,RY1,BMW,320Li Limousine LWB RHD,12,รถยนต์นั่งส่วนบุคคลไม่เกิน 7 คน
2024-01,RY1,BMW,330e M Sport,68,รถยนต์นั่งส่วนบุคคลไม่เกิน 7 คน
2024-01,RY1,BMW,330Li,9,รถยนต์นั่งส่วนบุคคลไม่เกิน 7 คน
2024-01,RY1,BMW,330Li Limousine RHD,4,รถยนต์นั่งส่วนบุคคลไม่เกิน 7 คน
2024-01,RY1,BMW,420i Coupe RHD,1,รถยนต์นั่งส่วนบุคคลไม่เกิน 7 คน
2024-01,RY1,BMW,430i Cabrio RHD,7,รถยนต์นั่งส่วนบุคคลไม่เกิน 7 คน
2024-01,RY1,BMW,430i Coupe RHD,19,รถยนต์นั่งส่วนบุคคลไม่เกิน 7 คน
2024-01,RY1,BMW,520d M Sport,87,รถยนต์นั่งส่วนบุคคลไม่เกิน 7 คน
2024-01,RY1,BMW,530e Elite,2,รถยนต์นั่งส่วนบุคคลไม่เกิน 7 คน
2024-01,RY1,BMW,530e Luxury,22,รถยนต์นั่งส่วนบุคคลไม่เกิน 7 คน
2024-01,RY1,BMW,530e M Sport,68,รถยนต์นั่งส่วนบุคคลไม่เกิน 7 คน
2024-01,RY1,BMW,630i Gran Turismo RHD,10,รถยนต์นั่งส่วนบุคคลไม่เกิน 7 คน
2024-01,RY1,BMW,730Ld M Sport,1,รถยนต์นั่งส่วนบุคคลไม่เกิน 7 คน
2024-01,RY1,BMW,730Ld Pure Excellence,2,รถยนต์นั่งส่วนบุคคลไม่เกิน 7 คน
2024-01,RY1,BMW,745Le xDrive M Sport,1,รถยนต์นั่งส่วนบุคคลไม่เกิน 7 คน
2024-01,RY1,BMW,750e xDrive M Sport,4,รถยนต์นั่งส่วนบุคคลไม่เกิน 7 คน
2024-01,RY1,BMW,i4 eDrive35 Gran Coupe RH,16,รถยนต์นั่งส่วนบุคคลไม่เกิน 7 คน
2024-01,RY1,BMW,i4 eDrive40 Gran Coupe RH,1,รถยนต์นั่งส่วนบุคคลไม่เกิน 7 คน
2024-01,RY1,BMW,i4 M50 Gran Coupe RHD,1,รถยนต์นั่งส่วนบุคคลไม่เกิน 7 คน
2024-01,RY1,BMW,i5 eDrive40 RHD,2,รถยนต์นั่งส่วนบุคคลไม่เกิน 7 คน
2024-01,RY1,BMW,i5 M60 xDrive RHD,6,รถยนต์นั่งส่วนบุคคลไม่เกิน 7 คน
2024-01,RY1,BMW,i7 xDrive60 Limousine RHD,4,รถยนต์นั่งส่วนบุคคลไม่เกิน 7 คน
2024-01,RY1,BMW,iX xDrive40 RHD,35,รถยนต์นั่งส่วนบุคคลไม่เกิน 7 คน
2024-01,RY1,BMW,iX xDrive50 RHD,5,รถยนต์นั่งส่วนบุคคลไม่เกิน 7 คน
2024-01,RY1,BMW,iX3 M Sport RHD,95,รถยนต์นั่งส่วนบุคคลไม่เกิน 7 คน
2024-01,RY1,BMW,I3,1,รถยนต์นั่งส่วนบุคคลไม่เกิน 7 คน
2024-01,RY1,BMW,M2 Coupe RHD MX,1,รถยนต์นั่งส่วนบุคคลไม่เกิน 7 คน
2024-01,RY1,BMW,M240i xDrive Coupe RHD MX,5,รถยนต์นั่งส่วนบุคคลไม่เกิน 7 คน
2024-01,RY1,BMW,M340i xDrive,10,รถยนต์นั่งส่วนบุคคลไม่เกิน 7 คน
2024-01,RY1,BMW,M4 Competition M xDrive C,1,รถยนต์นั่งส่วนบุคคลไม่เกิน 7 คน
2024-01,RY1,BMW,M760e xDrive,5,รถยนต์นั่งส่วนบุคคลไม่เกิน 7 คน
2024-01,RY1,BMW,X1 sDrive18d xLine,1,รถยนต์นั่งส่วนบุคคลไม่เกิน 7 คน
2024-01,RY1,BMW,X1 sDrive18i,15,รถยนต์นั่งส่วนบุคคลไม่เกิน 7 คน
2024-01,RY1,BMW,X1 sDrive20d M Sport,18,รถยนต์นั่งส่วนบุคคลไม่เกิน 7 คน
2024-01,RY1,BMW,X1 sDrive20d xLine,25,รถยนต์นั่งส่วนบุคคลไม่เกิน 7 คน
2024-01,RY1,BMW,X1 sDrive20i M Sport,99,รถยนต์นั่งส่วนบุคคลไม่เกิน 7 คน
2024-01,RY1,BMW,X1 sDrive20i xLine,33,รถยนต์นั่งส่วนบุคคลไม่เกิน 7 คน
2024-01,RY1,BMW,X1 xDrive30e,4,รถยนต์นั่งส่วนบุคคลไม่เกิน 7 คน
2024-01,RY1,BMW,X3 xDrive20d M Sport,39,รถยนต์นั่งส่วนบุคคลไม่เกิน 7 คน
2024-01,RY1,BMW,X3 xDrive30e M Sport,21,รถยนต์นั่งส่วนบุคคลไม่เกิน 7 คน
2024-01,RY1,BMW,X4 xDrive20d RHD,22,รถยนต์นั่งส่วนบุคคลไม่เกิน 7 คน
2024-01,RY1,BMW,X5 xDrive30d M Sport,43,รถยนต์นั่งส่วนบุคคลไม่เกิน 7 คน
2024-01,RY1,BMW,X5 xDrive45e M Sport,11,รถยนต์นั่งส่วนบุคคลไม่เกิน 7 คน
2024-01,RY1,BMW,X5 xDrive50e RHD,3,รถยนต์นั่งส่วนบุคคลไม่เกิน 7 คน
2024-01,RY1,BMW,X6 xDrive40i M Sport,26,รถยนต์นั่งส่วนบุคคลไม่เกิน 7 คน
2024-01,RY1,BMW,X7 xDrive40d M Sport,18,รถยนต์นั่งส่วนบุคคลไม่เกิน 7 คน
2024-01,RY1,BMW,XM 50e RHD,2,รถยนต์นั่งส่วนบุคคลไม่เกิน 7 คน
2024-01,RY1,BMW,Z4 M40i RHD,3,รถยนต์นั่งส่วนบุคคลไม่เกิน 7 คน
2024-01,RY1,BMW,Z4 M40i Roadster RHD,1,รถยนต์นั่งส่วนบุคคลไม่เกิน 7 คน
2024-01,RY1,BMW,Z4 sDrive30i RHD,3,รถยนต์นั่งส่วนบุคคลไม่เกิน 7 คน
2024-01,RY1,BYD,BYD ATTO 3,1328,รถยนต์นั่งส่วนบุคคลไม่เกิน 7 คน
2024-01,RY1,BYD,BYD ATTO 3 (410KM),264,รถยนต์นั่งส่วนบุคคลไม่เกิน 7 คน
2024-01,RY1,BYD,BYD DOLPHIN EXD,974,รถยนต์นั่งส่วนบุคคลไม่เกิน 7 คน
2024-01,RY1,BYD,BYD DOLPHIN STD,2201,รถยนต์นั่งส่วนบุคคลไม่เกิน 7 คน
2024-01,RY1,BYD,BYD SEAL EXD AWD,1377,รถยนต์นั่งส่วนบุคคลไม่เกิน 7 คน
2024-01,RY1,BYD,BYD SEAL EXD RWD,1494,รถยนต์นั่งส่วนบุคคลไม่เกิน 7 คน
2024-01,RY1,BYD,BYD SEAL STD RWD,137,รถยนต์นั่งส่วนบุคคลไม่เกิน 7 คน
2024-01,RY1,BYD,E6,31,รถยนต์นั่งส่วนบุคคลไม่เกิน 7 คน
2024-01,RY1,CHEVROLET,CORVETTE STINGRAY CONVERTIBLE,1,รถยนต์นั่งส่วนบุคคลไม่เกิน 7 คน
2024-01,RY1,DAIHATSU,MOVE CANBUS STRIPES G TURBO,1,รถยนต์นั่งส่วนบุคคลไม่เกิน 7 คน
2024-01,RY1,DEEPAL,L07,67,รถยนต์นั่งส่วนบุคคลไม่เกิน 7 คน
2024-01,RY1,DEEPAL,S07,140,รถยนต์นั่งส่วนบุคคลไม่เกิน 7 คน
2024-01,RY1,FERRARI,296 GTB,4,รถยนต์นั่งส่วนบุคคลไม่เกิน 7 คน
2024-01,RY1,FOMM,FOMM ONE,4,รถยนต์นั่งส่วนบุคคลไม่เกิน 7 คน
2024-01,RY1,FORD,EVEREST,1152,รถยนต์นั่งส่วนบุคคลไม่เกิน 7 คน
2024-01,RY1,FORD,FORD EVEREST zJAE9BC,1,รถยนต์นั่งส่วนบุคคลไม่เกิน 7 คน
2024-01,RY1,FORD,FORD RANGER iJBT9A6,2,รถยนต์นั่งส่วนบุคคลไม่เกิน 7 คน
2024-01,RY1,FORD,MUSTANG,1,รถยนต์นั่งส่วนบุคคลไม่เกิน 7 คน
2024-01,RY1,FORD,MUSTANG 2.3L ECOBOOST FASTBACK,1,รถยนต์นั่งส่วนบุคคลไม่เกิน 7 คน
2024-01,RY1,FORD,RANGER,1644,รถยนต์นั่งส่วนบุคคลไม่เกิน 7 คน
2024-01,RY1,FORD,RANGER RAPTOR,335,รถยนต์นั่งส่วนบุคคลไม่เกิน 7 คน
2024-01,RY1,FORD,RANGER SWB,1,รถยนต์นั่งส่วนบุคคลไม่เกิน 7 คน
2024-01,RY1,GWM TANK,300 HYBRID,105,รถยนต์นั่งส่วนบุคคลไม่เกิน 7 คน
2024-01,RY1,GWM TANK,500 HYBRID,36,รถยนต์นั่งส่วนบุคคลไม่เกิน 7 คน
2024-01,RY1,HAVAL,H6 HEV PRO,8,รถยนต์นั่งส่วนบุคคลไม่เกิน 7 คน
2024-01,RY1,HAVAL,H6 HEV ULTRA,138,รถยนต์นั่งส่วนบุคคลไม่เกิน 7 คน
2024-01,RY1,HAVAL,H6 PLUG-IN HYBRID,54,รถยนต์นั่งส่วนบุคคลไม่เกิน 7 คน
2024-01,RY1,HAVAL,JOLION HYBRID,400,รถยนต์นั่งส่วนบุคคลไม่เกิน 7 คน
2024-01,RY1,HONDA,ACCORD,374,รถยนต์นั่งส่วนบุคคลไม่เกิน 7 คน
2024-01,RY1,HONDA,BR-V,116,รถยนต์นั่งส่วนบุคคลไม่เกิน 7 คน
2024-01,RY1,HONDA,CITY,2417,รถยนต์นั่งส่วนบุคคลไม่เกิน 7 คน
2024-01,RY1,HONDA,CITY HATCHBACK,1666,รถยนต์นั่งส่วนบุคคลไม่เกิน 7 คน
2024-01,RY1,HONDA,CIVIC,1441,รถยนต์นั่งส่วนบุคคลไม่เกิน 7 คน
2024-01,RY1,HONDA,CIVIC TYPE R,6,รถยนต์นั่งส่วนบุคคลไม่เกิน 7 คน
2024-01,RY1,HONDA,CR-V,2056,รถยนต์นั่งส่วนบุคคลไม่เกิน 7 คน
2024-01,RY1,HONDA,HR-V,2744,รถยนต์นั่งส่วนบุคคลไม่เกิน 7 คน
2024-01,RY1,HONDA,MOBILIO,1,รถยนต์นั่งส่วนบุคคลไม่เกิน 7 คน
2024-01,RY1,HONDA,ODYSSEY ABSOLUTE EX,1,รถยนต์นั่งส่วนบุคคลไม่เกิน 7 คน
2024-01,RY1,HONDA,STEP WGN e-HEV SPADA PREMIUM,15,รถยนต์นั่งส่วนบุคคลไม่เกิน 7 คน
2024-01,RY1,HONDA,STEP WGN SPADA HYBRID PREMIUM,2,รถยนต์นั่งส่วนบุคคลไม่เกิน 7 คน
2024-01,RY1,HONDA,STEPWGN e:HEV SPADA,1,รถยนต์นั่งส่วนบุคคลไม่เกิน 7 คน
2024-01,RY1,HONDA,WR-V,233,รถยนต์นั่งส่วนบุคคลไม่เกิน 7 คน
2024-01,RY1,HYUNDAI,CRETA,41,รถยนต์นั่งส่วนบุคคลไม่เกิน 7 คน
2024-01,RY1,HYUNDAI,STARGAZER,205,รถยนต์นั่งส่วนบุคคลไม่เกิน 7 คน
2024-01,RY1,ISUZU,D-MAX,5168,รถยนต์นั่งส่วนบุคคลไม่เกิน 7 คน
2024-01,RY1,ISUZU,MU-X,1736,รถยนต์นั่งส่วนบุคคลไม่เกิน 7 คน
2024-01,RY1,JAGUAR,F-PACE 2.0 LITRE T/C PETROL,1,รถยนต์นั่งส่วนบุคคลไม่เกิน 7 คน
2024-01,RY1,JEEP,WRANGLER RUBICON,1,รถยนต์นั่งส่วนบุคคลไม่เกิน 7 คน
2024-01,RY1,JEEP,WRANGLER RUBICON 2 DOOR,1,รถยนต์นั่งส่วนบุคคลไม่เกิน 7 คน
2024-01,RY1,JEEP,WRANGLER RUBICON 2.2D,1,รถยนต์นั่งส่วนบุคคลไม่เกิน 7 คน
2024-01,RY1,JEEP,WRANGLER RUBICON 4 DOOR,2,รถยนต์นั่งส่วนบุคคลไม่เกิน 7 คน
2024-01,RY1,JETOUR,None,2,รถยนต์นั่งส่วนบุคคลไม่เกิน 7 คน
2024-01,RY1,LAMBORGHINI,HURACAN EVO RWD,1,รถยนต์นั่งส่วนบุคคลไม่เกิน 7 คน
2024-01,RY1,LAMBORGHINI,HURACAN TECNICA,1,รถยนต์นั่งส่วนบุคคลไม่เกิน 7 คน
2024-01,RY1,LAMBORGHINI,URUS,2,รถยนต์นั่งส่วนบุคคลไม่เกิน 7 คน
2024-01,RY1,LAMBORGHINI,URUS S,1,รถยนต์นั่งส่วนบุคคลไม่เกิน 7 คน
2024-01,RY1,LAND ROVER,DEFENDER 2.0L T/C AWD AUTO SE,1,รถยนต์นั่งส่วนบุคคลไม่เกิน 7 คน
2024-01,RY1,LAND ROVER,DEFENDER 2.0L T/C PETROL PHEV,1,รถยนต์นั่งส่วนบุคคลไม่เกิน 7 คน
2024-01,RY1,LAND ROVER,RANGE ROVER 3.0 LITRE T/C,3,รถยนต์นั่งส่วนบุคคลไม่เกิน 7 คน
2024-01,RY1,LAND ROVER,RANGE ROVER 4.4 LITRE  T/C,1,รถยนต์นั่งส่วนบุคคลไม่เกิน 7 คน
2024-01,RY1,LAND ROVER,RANGE ROVER EVOQUE 1.5LITRE,1,รถยนต์นั่งส่วนบุคคลไม่เกิน 7 คน
2024-01,RY1,LAND ROVER,RANGE ROVER SPORT 3.0 LITRE,4,รถยนต์นั่งส่วนบุคคลไม่เกิน 7 คน
2024-01,RY1,LEXUS,ES300H,4,รถยนต์นั่งส่วนบุคคลไม่เกิน 7 คน
2024-01,RY1,LEXUS,IS300H,4,รถยนต์นั่งส่วนบุคคลไม่เกิน 7 คน
2024-01,RY1,LEXUS,LM300h,2,รถยนต์นั่งส่วนบุคคลไม่เกิน 7 คน
2024-01,RY1,LEXUS,LM350H,21,รถยนต์นั่งส่วนบุคคลไม่เกิน 7 คน
2024-01,RY1,LEXUS,NX300h,1,รถยนต์นั่งส่วนบุคคลไม่เกิน 7 คน
2024-01,RY1,LEXUS,NX350H,21,รถยนต์นั่งส่วนบุคคลไม่เกิน 7 คน
2024-01,RY1,LEXUS,NX450H+,10,รถยนต์นั่งส่วนบุคคลไม่เกิน 7 คน
2024-01,RY1,LEXUS,RX300,2,รถยนต์นั่งส่วนบุคคลไม่เกิน 7 คน
2024-01,RY1,LEXUS,RX450H+,25,รถยนต์นั่งส่วนบุคคลไม่เกิน 7 คน
2024-01,RY1,LEXUS,RZ450E,13,รถยนต์นั่งส่วนบุคคลไม่เกิน 7 คน
2024-01,RY1,LEXUS,UX250H,3,รถยนต์นั่งส่วนบุคคลไม่เกิน 7 คน
2024-01,RY1,MASERATI,GHIBLI GT HYBRID,1,รถยนต์นั่งส่วนบุคคลไม่เกิน 7 คน
2024-01,RY1,MASERATI,GHIBLI MILD HYBRID GRANLUSSO,1,รถยนต์นั่งส่วนบุคคลไม่เกิน 7 คน
2024-01,RY1,MASERATI,GRECALE GT HYBRID,2,รถยนต์นั่งส่วนบุคคลไม่เกิน 7 คน
2024-01,RY1,MASERATI,QUATTROPORTE,1,รถยนต์นั่งส่วนบุคคลไม่เกิน 7 คน
2024-01,RY1,MAZDA,MAZDA 2,693,รถยนต์นั่งส่วนบุคคลไม่เกิน 7 คน
2024-01,RY1,MAZDA,MAZDA 3,66,รถยนต์นั่งส่วนบุคคลไม่เกิน 7 คน
2024-01,RY1,MAZDA,MAZDA BT-50,37,รถยนต์นั่งส่วนบุคคลไม่เกิน 7 คน
2024-01,RY1,MAZDA,MAZDA CX-3,207,รถยนต์นั่งส่วนบุคคลไม่เกิน 7 คน
2024-01,RY1,MAZDA,MAZDA CX-30,281,รถยนต์นั่งส่วนบุคคลไม่เกิน 7 คน
2024-01,RY1,MAZDA,MAZDA CX-5,46,รถยนต์นั่งส่วนบุคคลไม่เกิน 7 คน
2024-01,RY1,MAZDA,MAZDA CX-8,64,รถยนต์นั่งส่วนบุคคลไม่เกิน 7 คน
2024-01,RY1,MAZDA,ROADSTER 990S,2,รถยนต์นั่งส่วนบุคคลไม่เกิน 7 คน
2024-01,RY1,MCLAREN,ARTURA-COUPE,1,รถยนต์นั่งส่วนบุคคลไม่เกิน 7 คน
2024-01,RY1,MERCEDES BENZ,A 200,68,รถยนต์นั่งส่วนบุคคลไม่เกิน 7 คน
2024-01,RY1,MERCEDES BENZ,AMG C43 4MATIC Coupe,6,รถยนต์นั่งส่วนบุคคลไม่เกิน 7 คน
2024-01,RY1,MERCEDES BENZ,AMG CLA 35 4MATIC Coupe,1,รถยนต์นั่งส่วนบุคคลไม่เกิน 7 คน
2024-01,RY1,MERCEDES BENZ,AMG CLA 45 S 4MATIC+,1,รถยนต์นั่งส่วนบุคคลไม่เกิน 7 คน
2024-01,RY1,MERCEDES BENZ,AMG CLS 53 4MATIC,13,รถยนต์นั่งส่วนบุคคลไม่เกิน 7 คน
2024-01,RY1,MERCEDES BENZ,AMG EQE 53 4MATIC+,25,รถยนต์นั่งส่วนบุคคลไม่เกิน 7 คน
2024-01,RY1,MERCEDES BENZ,AMG G 63,2,รถยนต์นั่งส่วนบุคคลไม่เกิน 7 คน
2024-01,RY1,MERCEDES BENZ,AMG GLA 35 4MATIC,4,รถยนต์นั่งส่วนบุคคลไม่เกิน 7 คน
2024-01,RY1,MERCEDES BENZ,AMG GLC 43 4MATIC Coupe,7,รถยนต์นั่งส่วนบุคคลไม่เกิน 7 คน
2024-01,RY1,MERCEDES BENZ,AMG GLE 53 4MATIC+,6,รถยนต์นั่งส่วนบุคคลไม่เกิน 7 คน
2024-01,RY1,MERCEDES BENZ,AMG SL 43,1,รถยนต์นั่งส่วนบุคคลไม่เกิน 7 คน
2024-01,RY1,MERCEDES BENZ,C 180,1,รถยนต์นั่งส่วนบุคคลไม่เกิน 7 คน
2024-01,RY1,MERCEDES BENZ,C 180 COUPE,1,รถยนต์นั่งส่วนบุคคลไม่เกิน 7 คน
2024-01,RY1,MERCEDES BENZ,C 200 Coupe,19,รถยนต์นั่งส่วนบุคคลไม่เกิน 7 คน
2024-01,RY1,MERCEDES BENZ,C 220 d,162,รถยนต์นั่งส่วนบุคคลไม่เกิน 7 คน
2024-01,RY1,MERCEDES BENZ,C 300 e,10,รถยนต์นั่งส่วนบุคคลไม่เกิน 7 คน
2024-01,RY1,MERCEDES BENZ,C 350 e,105,รถยนต์นั่งส่วนบุคคลไม่เกิน 7 คน
2024-01,RY1,MERCEDES BENZ,CLS 220 d,60,รถยนต์นั่งส่วนบุคคลไม่เกิน 7 คน
2024-01,RY1,MERCEDES BENZ,CLS 250 CDI COUPE,1,รถยนต์นั่งส่วนบุคคลไม่เกิน 7 คน
2024-01,RY1,MERCEDES BENZ,CLS 300 d,5,รถยนต์นั่งส่วนบุคคลไม่เกิน 7 คน
2024-01,RY1,MERCEDES BENZ,E 200 Coupe,7,รถยนต์นั่งส่วนบุคคลไม่เกิน 7 คน
2024-01,RY1,MERCEDES BENZ,E 220 d,39,รถยนต์นั่งส่วนบุคคลไม่เกิน 7 คน
2024-01,RY1,MERCEDES BENZ,E 300 e,79,รถยนต์นั่งส่วนบุคคลไม่เกิน 7 คน
2024-01,RY1,MERCEDES BENZ,EQB 250,52,รถยนต์นั่งส่วนบุคคลไม่เกิน 7 คน
2024-01,RY1,MERCEDES BENZ,EQE 350 4MATIC SUV,38,รถยนต์นั่งส่วนบุคคลไม่เกิน 7 คน
2024-01,RY1,MERCEDES BENZ,EQS 500 4MATIC,13,รถยนต์นั่งส่วนบุคคลไม่เกิน 7 คน
2024-01,RY1,MERCEDES BENZ,G 350 d,1,รถยนต์นั่งส่วนบุคคลไม่เกิน 7 คน
2024-01,RY1,MERCEDES BENZ,G400 D,7,รถยนต์นั่งส่วนบุคคลไม่เกิน 7 คน
2024-01,RY1,MERCEDES BENZ,GLA 200,145,รถยนต์นั่งส่วนบุคคลไม่เกิน 7 คน
2024-01,RY1,MERCEDES BENZ,GLA 250,1,รถยนต์นั่งส่วนบุคคลไม่เกิน 7 คน
2024-01,RY1,MERCEDES BENZ,GLB 200,2,รถยนต์นั่งส่วนบุคคลไม่เกิน 7 คน
2024-01,RY1,MERCEDES BENZ,GLC 220 d,41,รถยนต์นั่งส่วนบุคคลไม่เกิน 7 คน
2024-01,RY1,MERCEDES BENZ,GLC 220 d 4MATIC,14,รถยนต์นั่งส่วนบุคคลไม่เกิน 7 คน
2024-01,RY1,MERCEDES BENZ,GLC 220 d 4MATIC Coupe,31,รถยนต์นั่งส่วนบุคคลไม่เกิน 7 คน
2024-01,RY1,MERCEDES BENZ,GLC 250 4MATIC Coupe,1,รถยนต์นั่งส่วนบุคคลไม่เกิน 7 คน
2024-01,RY1,MERCEDES BENZ,GLC 300 e 4MATIC,20,รถยนต์นั่งส่วนบุคคลไม่เกิน 7 คน
2024-01,RY1,MERCEDES BENZ,GLC 300 e 4MATIC Coupe,20,รถยนต์นั่งส่วนบุคคลไม่เกิน 7 คน
2024-01,RY1,MERCEDES BENZ,GLC 350 e 4MATIC,61,รถยนต์นั่งส่วนบุคคลไม่เกิน 7 คน
2024-01,RY1,MERCEDES BENZ,GLE 300 d 4MATIC,26,รถยนต์นั่งส่วนบุคคลไม่เกิน 7 คน
2024-01,RY1,MERCEDES BENZ,GLE 350 de 4MATIC,16,รถยนต์นั่งส่วนบุคคลไม่เกิน 7 คน
2024-01,RY1,MERCEDES BENZ,GLS 350 d 4MATIC,9,รถยนต์นั่งส่วนบุคคลไม่เกิน 7 คน
2024-01,RY1,MERCEDES BENZ,Maybach S 580 e,5,รถยนต์นั่งส่วนบุคคลไม่เกิน 7 คน
2024-01,RY1,MERCEDES BENZ,MAYBACH S650,1,รถยนต์นั่งส่วนบุคคลไม่เกิน 7 คน
2024-01,RY1,MERCEDES BENZ,S 350 d,3,รถยนต์นั่งส่วนบุคคลไม่เกิน 7 คน
2024-01,RY1,MERCEDES BENZ,S 500 e,1,รถยนต์นั่งส่วนบุคคลไม่เกิน 7 คน
2024-01,RY1,MERCEDES BENZ,S 580 e,9,รถยนต์นั่งส่วนบุคคลไม่เกิน 7 คน
2024-01,RY1,MERCEDES BENZ,V 250 d,14,รถยนต์นั่งส่วนบุคคลไม่เกิน 7 คน
2024-01,RY1,MERCEDES BENZ,None,1,รถยนต์นั่งส่วนบุคคลไม่เกิน 7 คน
2024-01,RY1,MG,EP,459,รถยนต์นั่งส่วนบุคคลไม่เกิน 7 คน
2024-01,RY1,MG,ES,76,รถยนต์นั่งส่วนบุคคลไม่เกิน 7 คน
2024-01,RY1,MG,HS,150,รถยนต์นั่งส่วนบุคคลไม่เกิน 7 คน
2024-01,RY1,MG,HS PHEV,19,รถยนต์นั่งส่วนบุคคลไม่เกิน 7 คน
2024-01,RY1,MG,MAXUS 9,117,รถยนต์นั่งส่วนบุคคลไม่เกิน 7 คน
2024-01,RY1,MG,MG EXTENDER,38,รถยนต์นั่งส่วนบุคคลไม่เกิน 7 คน
2024-01,RY1,MG,MG4 ELECTRIC,1006,รถยนต์นั่งส่วนบุคคลไม่เกิน 7 คน
2024-01,RY1,MG,MG5,708,รถยนต์นั่งส่วนบุคคลไม่เกิน 7 คน
2024-01,RY1,MG,MG6,1,รถยนต์นั่งส่วนบุคคลไม่เกิน 7 คน
2024-01,RY1,MG,NEW MG3,2,รถยนต์นั่งส่วนบุคคลไม่เกิน 7 คน
2024-01,RY1,MG,VS HEV,146,รถยนต์นั่งส่วนบุคคลไม่เกิน 7 คน
2024-01,RY1,MG,ZS,219,รถยนต์นั่งส่วนบุคคลไม่เกิน 7 คน
2024-01,RY1,MG,ZS EV,168,รถยนต์นั่งส่วนบุคคลไม่เกิน 7 คน
2024-01,RY1,MINI,Cooper D Clubman RHD,1,รถยนต์นั่งส่วนบุคคลไม่เกิน 7 คน
2024-01,RY1,MINI,Cooper Hatch RHD,2,รถยนต์นั่งส่วนบุคคลไม่เกิน 7 คน
2024-01,RY1,MINI,Cooper S Cabrio RHD,5,รถยนต์นั่งส่วนบุคคลไม่เกิน 7 คน
2024-01,RY1,MINI,Cooper S Clubman RHD,4,รถยนต์นั่งส่วนบุคคลไม่เกิน 7 คน
2024-01,RY1,MINI,Cooper S Countryman,3,รถยนต์นั่งส่วนบุคคลไม่เกิน 7 คน
2024-01,RY1,MINI,Cooper S Countryman RHD,65,รถยนต์นั่งส่วนบุคคลไม่เกิน 7 คน
2024-01,RY1,MINI,Cooper S Hatch RHD,13,รถยนต์นั่งส่วนบุคคลไม่เกิน 7 คน
2024-01,RY1,MINI,Cooper SE Hatch RHD,20,รถยนต์นั่งส่วนบุคคลไม่เกิน 7 คน
2024-01,RY1,MINI,John Cooper Works ALL4 Cl,1,รถยนต์นั่งส่วนบุคคลไม่เกิน 7 คน
2024-01,RY1,MINI,John Cooper Works ALL4 Co,1,รถยนต์นั่งส่วนบุคคลไม่เกิน 7 คน
2024-01,RY1,MINI,John Cooper Works Hatch R,5,รถยนต์นั่งส่วนบุคคลไม่เกิน 7 คน
2024-01,RY1,MINI,JOHN COOPER WORKS GP,1,รถยนต์นั่งส่วนบุคคลไม่เกิน 7 คน
2024-01,RY1,MINI,MINI COOPER CLUBMAN RHD,1,รถยนต์นั่งส่วนบุคคลไม่เกิน 7 คน
2024-01,RY1,MINI,None,1,รถยนต์นั่งส่วนบุคคลไม่เกิน 7 คน
2024-01,RY1,MITSUBISHI,ATTRAGE,290,รถยนต์นั่งส่วนบุคคลไม่เกิน 7 คน
2024-01,RY1,MITSUBISHI,MIRAGE,230,รถยนต์นั่งส่วนบุคคลไม่เกิน 7 คน
2024-01,RY1,MITSUBISHI,OUTLANDER PHEV,3,รถยนต์นั่งส่วนบุคคลไม่เกิน 7 คน
2024-01,RY1,MITSUBISHI,PAJERO SPORT,322,รถยนต์นั่งส่วนบุคคลไม่เกิน 7 คน
2024-01,RY1,MITSUBISHI,TRITON,418,รถยนต์นั่งส่วนบุคคลไม่เกิน 7 คน
2024-01,RY1,MITSUBISHI,XPANDER,631,รถยนต์นั่งส่วนบุคคลไม่เกิน 7 คน
2024-01,RY1,NETA,NETA V,2013,รถยนต์นั่งส่วนบุคคลไม่เกิน 7 คน
2024-01,RY1,NISSAN,ALMERA,545,รถยนต์นั่งส่วนบุคคลไม่เกิน 7 คน
2024-01,RY1,NISSAN,FAIRLADY Z  VERSION ST,1,รถยนต์นั่งส่วนบุคคลไม่เกิน 7 คน
2024-01,RY1,NISSAN,FDWURVZK13EH5-----,1,รถยนต์นั่งส่วนบุคคลไม่เกิน 7 คน
2024-01,RY1,NISSAN,GT-R,1,รถยนต์นั่งส่วนบุคคลไม่เกิน 7 คน
2024-01,RY1,NISSAN,GT-R NISMO,1,รถยนต์นั่งส่วนบุคคลไม่เกิน 7 คน
2024-01,RY1,NISSAN,GT-R PREMIUM EDITION T-SPEC,1,รถยนต์นั่งส่วนบุคคลไม่เกิน 7 คน
2024-01,RY1,NISSAN,GT-R PURE EDITION,1,รถยนต์นั่งส่วนบุคคลไม่เกิน 7 คน
2024-01,RY1,NISSAN,GT-R TRACKEDITION NISMO T-SPEC,1,รถยนต์นั่งส่วนบุคคลไม่เกิน 7 คน
2024-01,RY1,NISSAN,GTR PURE EDITION,1,รถยนต์นั่งส่วนบุคคลไม่เกิน 7 คน
2024-01,RY1,NISSAN,KICKS,486,รถยนต์นั่งส่วนบุคคลไม่เกิน 7 คน
2024-01,RY1,NISSAN,NAVARA,146,รถยนต์นั่งส่วนบุคคลไม่เกิน 7 คน
2024-01,RY1,NISSAN,NOTE,2,รถยนต์นั่งส่วนบุคคลไม่เกิน 7 คน
2024-01,RY1,NISSAN,ROOX X 2WD,1,รถยนต์นั่งส่วนบุคคลไม่เกิน 7 คน
2024-01,RY1,NISSAN,SYLPHY 1.6 E CVT,3,รถยนต์นั่งส่วนบุคคลไม่เกิน 7 คน
2024-01,RY1,NISSAN,TERRA,94,รถยนต์นั่งส่วนบุคคลไม่เกิน 7 คน
2024-01,RY1,ORA,GOOD CAT,253,รถยนต์นั่งส่วนบุคคลไม่เกิน 7 คน
2024-01,RY1,ORA,ORA 07,80,รถยนต์นั่งส่วนบุคคลไม่เกิน 7 คน
2024-01,RY1,PEUGEOT,2008 P24 BG,3,รถยนต์นั่งส่วนบุคคลไม่เกิน 7 คน
2024-01,RY1,PEUGEOT,3008 P84 BG,6,รถยนต์นั่งส่วนบุคคลไม่เกิน 7 คน
2024-01,RY1,PEUGEOT,5008 P87 BG,1,รถยนต์นั่งส่วนบุคคลไม่เกิน 7 คน
2024-01,RY1,POCCO,DD L2,1,รถยนต์นั่งส่วนบุคคลไม่เกิน 7 คน
2024-01,RY1,PORSCHE,718 BOXSTER,1,รถยนต์นั่งส่วนบุคคลไม่เกิน 7 คน
2024-01,RY1,PORSCHE,718 BOXSTER STYLE EDITION,1,รถยนต์นั่งส่วนบุคคลไม่เกิน 7 คน
2024-01,RY1,PORSCHE,718 BOXSTER T,1,รถยนต์นั่งส่วนบุคคลไม่เกิน 7 คน
2024-01,RY1,PORSCHE,718 CAYMAN,2,รถยนต์นั่งส่วนบุคคลไม่เกิน 7 คน
2024-01,RY1,PORSCHE,718 CAYMAN GT4 RS,1,รถยนต์นั่งส่วนบุคคลไม่เกิน 7 คน
2024-01,RY1,PORSCHE,718 CAYMAN STYLE EDITION,2,รถยนต์นั่งส่วนบุคคลไม่เกิน 7 คน
2024-01,RY1,PORSCHE,718 CAYMAN T,2,รถยนต์นั่งส่วนบุคคลไม่เกิน 7 คน
2024-01,RY1,PORSCHE,911 CARRERA 4,1,รถยนต์นั่งส่วนบุคคลไม่เกิน 7 คน
2024-01,RY1,PORSCHE,911 CARRERA GTS,5,รถยนต์นั่งส่วนบุคคลไม่เกิน 7 คน
2024-01,RY1,PORSCHE,911 CARRERA GTS COUPE,1,รถยนต์นั่งส่วนบุคคลไม่เกิน 7 คน
2024-01,RY1,PORSCHE,911 CARRERA GTS COUPE PDK,1,รถยนต์นั่งส่วนบุคคลไม่เกิน 7 คน
2024-01,RY1,PORSCHE,911 CARRERA S,6,รถยนต์นั่งส่วนบุคคลไม่เกิน 7 คน
2024-01,RY1,PORSCHE,911 GT3,1,รถยนต์นั่งส่วนบุคคลไม่เกิน 7 คน
2024-01,RY1,PORSCHE,911 GT3 WITH T.P.,1,รถยนต์นั่งส่วนบุคคลไม่เกิน 7 คน
2024-01,RY1,PORSCHE,911 TARGA 4 GTS,2,รถยนต์นั่งส่วนบุคคลไม่เกิน 7 คน
2024-01,RY1,PORSCHE,911 TARGA 4S,1,รถยนต์นั่งส่วนบุคคลไม่เกิน 7 คน
2024-01,RY1,PORSCHE,CAYENNE COUPE,1,รถยนต์นั่งส่วนบุคคลไม่เกิน 7 คน
2024-01,RY1,PORSCHE,CAYENNE E-HYBRID,2,รถยนต์นั่งส่วนบุคคลไม่เกิน 7 คน
2024-01,RY1,PORSCHE,CAYENNE E-HYBRID COUPE,15,รถยนต์นั่งส่วนบุคคลไม่เกิน 7 คน
2024-01,RY1,PORSCHE,CAYENNE E-HYBRID COUPE P.,16,รถยนต์นั่งส่วนบุคคลไม่เกิน 7 คน
2024-01,RY1,PORSCHE,CAYENNE E-HYBRID P.E.,4,รถยนต์นั่งส่วนบุคคลไม่เกิน 7 คน
2024-01,RY1,PORSCHE,CAYENNE TURBO GT,1,รถยนต์นั่งส่วนบุคคลไม่เกิน 7 คน
2024-01,RY1,PORSCHE,MACAN,9,รถยนต์นั่งส่วนบุคคลไม่เกิน 7 คน
2024-01,RY1,PORSCHE,MACAN 2.0 PDK,3,รถยนต์นั่งส่วนบุคคลไม่เกิน 7 คน
2024-01,RY1,PORSCHE,MACAN GTS,1,รถยนต์นั่งส่วนบุคคลไม่เกิน 7 คน
2024-01,RY1,PORSCHE,MACAN S,2,รถยนต์นั่งส่วนบุคคลไม่เกิน 7 คน
2024-01,RY1,PORSCHE,PANAMERA 4 E-HYBRID,3,รถยนต์นั่งส่วนบุคคลไม่เกิน 7 คน
2024-01,RY1,PORSCHE,PANAMERA 4 E-HYBRID EXEC.,5,รถยนต์นั่งส่วนบุคคลไม่เกิน 7 คน
2024-01,RY1,PORSCHE,PANAMERA 4 E-HYBRID P.E.,13,รถยนต์นั่งส่วนบุคคลไม่เกิน 7 คน
2024-01,RY1,PORSCHE,TAYCAN,13,รถยนต์นั่งส่วนบุคคลไม่เกิน 7 คน
2024-01,RY1,PORSCHE,TAYCAN 4 CROSS TURISMO,6,รถยนต์นั่งส่วนบุคคลไม่เกิน 7 คน
2024-01,RY1,PORSCHE,TAYCAN 4S,4,รถยนต์นั่งส่วนบุคคลไม่เกิน 7 คน
2024-01,RY1,PORSCHE,TAYCAN 4S CROSS TURISMO,3,รถยนต์นั่งส่วนบุคคลไม่เกิน 7 คน
2024-01,RY1,PORSCHE,TAYCAN 4S SPORT TURISMO,1,รถยนต์นั่งส่วนบุคคลไม่เกิน 7 คน
2024-01,RY1,PORSCHE,TAYCAN GTS,5,รถยนต์นั่งส่วนบุคคลไม่เกิน 7 คน
2024-01,RY1,PORSCHE,TAYCAN TURBO,1,รถยนต์นั่งส่วนบุคคลไม่เกิน 7 คน
2024-01,RY1,ROLLS-ROYCE,CULLINAN,1,รถยนต์นั่งส่วนบุคคลไม่เกิน 7 คน
2024-01,RY1,ROLLS-ROYCE,Ghost,1,รถยนต์นั่งส่วนบุคคลไม่เกิน 7 คน
2024-01,RY1,ROLLS-ROYCE,Ghost Extended,2,รถยนต์นั่งส่วนบุคคลไม่เกิน 7 คน
2024-01,RY1,ROLLS-ROYCE,GHOST BLACK BADGE,1,รถยนต์นั่งส่วนบุคคลไม่เกิน 7 คน
2024-01,RY1,SUBARU,BRZ 2.0 RWD 6AT,1,รถยนต์นั่งส่วนบุคคลไม่เกิน 7 คน
2024-01,RY1,SUBARU,BRZ 2.4 RWD 6MT,2,รถยนต์นั่งส่วนบุคคลไม่เกิน 7 คน
2024-01,RY1,SUBARU,BRZ 2.4 RWD EyeSight 6AT,1,รถยนต์นั่งส่วนบุคคลไม่เกิน 7 คน
2024-01,RY1,SUBARU,FORESTER 2.0i-L,1,รถยนต์นั่งส่วนบุคคลไม่เกิน 7 คน
2024-01,RY1,SUBARU,FORESTER 2.0i-L ES,54,รถยนต์นั่งส่วนบุคคลไม่เกิน 7 คน
2024-01,RY1,SUBARU,FORESTER 2.0i-S,1,รถยนต์นั่งส่วนบุคคลไม่เกิน 7 คน
2024-01,RY1,SUBARU,FORESTER 2.0i-S ES,57,รถยนต์นั่งส่วนบุคคลไม่เกิน 7 คน
2024-01,RY1,SUBARU,LEVORG STI SPORT R,1,รถยนต์นั่งส่วนบุคคลไม่เกิน 7 คน
2024-01,RY1,SUBARU,WRX 4D 2.4 EyeSight AWD CVT,1,รถยนต์นั่งส่วนบุคคลไม่เกิน 7 คน
2024-01,RY1,SUBARU,XV 2.0i-P ES,32,รถยนต์นั่งส่วนบุคคลไม่เกิน 7 คน
2024-01,RY1,SUZUKI,CELERIO GA 1.0L,5,รถยนต์นั่งส่วนบุคคลไม่เกิน 7 คน
2024-01,RY1,SUZUKI,CELERIO GA 1.0L MT,31,รถยนต์นั่งส่วนบุคคลไม่เกิน 7 คน
2024-01,RY1,SUZUKI,CELERIO GL 1.0L,12,รถยนต์นั่งส่วนบุคคลไม่เกิน 7 คน
2024-01,RY1,SUZUKI,CELERIO GL 1.0L CVT,63,รถยนต์นั่งส่วนบุคคลไม่เกิน 7 คน
2024-01,RY1,SUZUKI,CELERIO GL UP 1.0L CVT,43,รถยนต์นั่งส่วนบุคคลไม่เกิน 7 คน
2024-01,RY1,SUZUKI,CELERIO GX 1.0L,3,รถยนต์นั่งส่วนบุคคลไม่เกิน 7 คน
2024-01,RY1,SUZUKI,CELERIO GX 1.0L CVT,37,รถยนต์นั่งส่วนบุคคลไม่เกิน 7 คน
2024-01,RY1,SUZUKI,CIAZ GL CVT,29,รถยนต์นั่งส่วนบุคคลไม่เกิน 7 คน
2024-01,RY1,SUZUKI,CIAZ GL MT,1,รถยนต์นั่งส่วนบุคคลไม่เกิน 7 คน
2024-01,RY1,SUZUKI,CIAZ GLX CVT,3,รถยนต์นั่งส่วนบุคคลไม่เกิน 7 คน
2024-01,RY1,SUZUKI,CIAZ RS CVT,4,รถยนต์นั่งส่วนบุคคลไม่เกิน 7 คน
2024-01,RY1,SUZUKI,ERTIGA GL 1.5L,9,รถยนต์นั่งส่วนบุคคลไม่เกิน 7 คน
2024-01,RY1,SUZUKI,ERTIGA GX 1.5L,39,รถยนต์นั่งส่วนบุคคลไม่เกิน 7 คน
2024-01,RY1,SUZUKI,JIMNY 1.5L 4AT,7,รถยนต์นั่งส่วนบุคคลไม่เกิน 7 คน
2024-01,RY1,SUZUKI,JIMNY ALPHA 5 DOOR,1,รถยนต์นั่งส่วนบุคคลไม่เกิน 7 คน
2024-01,RY1,SUZUKI,JIMNY SIERRA,4,รถยนต์นั่งส่วนบุคคลไม่เกิน 7 คน
2024-01,RY1,SUZUKI,JIMNY SIERRA JC,15,รถยนต์นั่งส่วนบุคคลไม่เกิน 7 คน
2024-01,RY1,SUZUKI,JIMNY SIERRA JC 1.5L,1,รถยนต์นั่งส่วนบุคคลไม่เกิน 7 คน
2024-01,RY1,SUZUKI,JIMNY SIERRA JC 4WD,5,รถยนต์นั่งส่วนบุคคลไม่เกิน 7 คน
2024-01,RY1,SUZUKI,SPACIA CUSTOM HYBRID XS TURBO,1,รถยนต์นั่งส่วนบุคคลไม่เกิน 7 คน
2024-01,RY1,SUZUKI,SPACIA GEAR MY STYLE HYBRID,1,รถยนต์นั่งส่วนบุคคลไม่เกิน 7 คน
2024-01,RY1,SUZUKI,SPACIA HYBRID MY STYLE,1,รถยนต์นั่งส่วนบุคคลไม่เกิน 7 คน
2024-01,RY1,SUZUKI,SWIFT GL 1.2L CVT,142,รถยนต์นั่งส่วนบุคคลไม่เกิน 7 คน
2024-01,RY1,SUZUKI,SWIFT GL NEXT 1.2L CVT,103,รถยนต์นั่งส่วนบุคคลไม่เกิน 7 คน
2024-01,RY1,SUZUKI,SWIFT GL PLUS 1.2L CVT,9,รถยนต์นั่งส่วนบุคคลไม่เกิน 7 คน
2024-01,RY1,SUZUKI,SWIFT GLX 1.25L CVT,2,รถยนต์นั่งส่วนบุคคลไม่เกิน 7 คน
2024-01,RY1,SUZUKI,SWIFT GLX 1.2L CVT,158,รถยนต์นั่งส่วนบุคคลไม่เกิน 7 คน
2024-01,RY1,SUZUKI,SWIFT GLX-Navi 1.2L CVT,2,รถยนต์นั่งส่วนบุคคลไม่เกิน 7 คน
2024-01,RY1,SUZUKI,XL7 1.5L,68,รถยนต์นั่งส่วนบุคคลไม่เกิน 7 คน
2024-01,RY1,TESLA,Model 3 Performance,1,รถยนต์นั่งส่วนบุคคลไม่เกิน 7 คน
2024-01,RY1,TESLA,Model 3 Rear-Wheel Drive,2,รถยนต์นั่งส่วนบุคคลไม่เกิน 7 คน
2024-01,RY1,TESLA,Model Y Rear-Wheel Drive,2,รถยนต์นั่งส่วนบุคคลไม่เกิน 7 คน
2024-01,RY1,TESLA,MODEL 3 LONG RANGE,11,รถยนต์นั่งส่วนบุคคลไม่เกิน 7 คน
2024-01,RY1,TESLA,MODEL 3 PERFORMANCE,1,รถยนต์นั่งส่วนบุคคลไม่เกิน 7 คน
2024-01,RY1,TESLA,MODEL Y LONG RANGE,21,รถยนต์นั่งส่วนบุคคลไม่เกิน 7 คน
2024-01,RY1,TESLA,MODEL Y PERFORMANCE,14,รถยนต์นั่งส่วนบุคคลไม่เกิน 7 คน
2024-01,RY1,TOYOTA,ALPHARD,29,รถยนต์นั่งส่วนบุคคลไม่เกิน 7 คน
2024-01,RY1,TOYOTA,ALPHARD 2.5 HYBRID G F PACKAGE,2,รถยนต์นั่งส่วนบุคคลไม่เกิน 7 คน
2024-01,RY1,TOYOTA,ALPHARD 2.5 HYBRID S TYPE GOLD,3,รถยนต์นั่งส่วนบุคคลไม่เกิน 7 คน
2024-01,RY1,TOYOTA,ALPHARD 2.5 HYBRID SRC PACKAGE,8,รถยนต์นั่งส่วนบุคคลไม่เกิน 7 คน
2024-01,RY1,TOYOTA,ALPHARD 2.5 HYBRID Z,2,รถยนต์นั่งส่วนบุคคลไม่เกิน 7 คน
2024-01,RY1,TOYOTA,ALPHARD 2.5 SC PACKAGE,90,รถยนต์นั่งส่วนบุคคลไม่เกิน 7 คน
2024-01,RY1,TOYOTA,ALPHARD 2.5 Z,2,รถยนต์นั่งส่วนบุคคลไม่เกิน 7 คน
2024-01,RY1,TOYOTA,ALPHARD 2.5L SC PACKAGE,21,รถยนต์นั่งส่วนบุคคลไม่เกิน 7 คน
2024-01,RY1,TOYOTA,"ALPHARD 2.5S ""TYPE GOLD III""",1,รถยนต์นั่งส่วนบุคคลไม่เกิน 7 คน
2024-01,RY1,TOYOTA,ALPHARD 2.5X SIDE LIFT UP SEAT,1,รถยนต์นั่งส่วนบุคคลไม่เกิน 7 คน
2024-01,RY1,TOYOTA,ALPHARD HYBRID EXECUTIVE,2,รถยนต์นั่งส่วนบุคคลไม่เกิน 7 คน
2024-01,RY1,TOYOTA,ALPHARD HYBRID GF 2.5L,1,รถยนต์นั่งส่วนบุคคลไม่เกิน 7 คน
2024-01,RY1,TOYOTA,ALPHARD HYBRID GF PACKAGE,1,รถยนต์นั่งส่วนบุคคลไม่เกิน 7 คน
2024-01,RY1,TOYOTA,ALPHARD HYBRID SRC 2.5L,3,รถยนต์นั่งส่วนบุคคลไม่เกิน 7 คน
2024-01,RY1,TOYOTA,ALPHARD HYBRID SRC PACKAGE,12,รถยนต์นั่งส่วนบุคคลไม่เกิน 7 คน
2024-01,RY1,TOYOTA,ALPHARD HYBRID X 2.5L,1,รถยนต์นั่งส่วนบุคคลไม่เกิน 7 คน
2024-01,RY1,TOYOTA,ALPHARD HYBRID Z,6,รถยนต์นั่งส่วนบุคคลไม่เกิน 7 คน
2024-01,RY1,TOYOTA,ALPHARD HYBRID Z E-FOUR,2,รถยนต์นั่งส่วนบุคคลไม่เกิน 7 คน
2024-01,RY1,TOYOTA,"ALPHARD S ""TYPE GOLD III""",1,รถยนต์นั่งส่วนบุคคลไม่เกิน 7 คน
2024-01,RY1,TOYOTA,ALPHARD SC PACKAGE,54,รถยนต์นั่งส่วนบุคคลไม่เกิน 7 คน
2024-01,RY1,TOYOTA,ALPHARD SC PACKAGE 2.5L,56,รถยนต์นั่งส่วนบุคคลไม่เกิน 7 คน
2024-01,RY1,TOYOTA,ALPHARD SRC HYBRID 2.5L,1,รถยนต์นั่งส่วนบุคคลไม่เกิน 7 คน
2024-01,RY1,TOYOTA,ALPHARD Z,1,รถยนต์นั่งส่วนบุคคลไม่เกิน 7 คน
2024-01,RY1,TOYOTA,ALPHARD Z 2.5L,5,รถยนต์นั่งส่วนบุคคลไม่เกิน 7 คน
2024-01,RY1,TOYOTA,ALPHARD Z 2WD,21,รถยนต์นั่งส่วนบุคคลไม่เกิน 7 คน
2024-01,RY1,TOYOTA,ALPHARD Z 2WD 2.5L,1,รถยนต์นั่งส่วนบุคคลไม่เกิน 7 คน
2024-01,RY1,TOYOTA,ALPHARD Z HYBRID,1,รถยนต์นั่งส่วนบุคคลไม่เกิน 7 คน
2024-01,RY1,TOYOTA,BZ4X,66,รถยนต์นั่งส่วนบุคคลไม่เกิน 7 คน
2024-01,RY1,TOYOTA,C-HR,4,รถยนต์นั่งส่วนบุคคลไม่เกิน 7 คน
2024-01,RY1,TOYOTA,CAMRY,291,รถยนต์นั่งส่วนบุคคลไม่เกิน 7 คน
2024-01,RY1,TOYOTA,COMMUTER,40,รถยนต์นั่งส่วนบุคคลไม่เกิน 7 คน
2024-01,RY1,TOYOTA,COROLLA,318,รถยนต์นั่งส่วนบุคคลไม่เกิน 7 คน
2024-01,RY1,TOYOTA,COROLLA CROSS,2087,รถยนต์นั่งส่วนบุคคลไม่เกิน 7 คน
2024-01,RY1,TOYOTA,CROWN CROSSOVER G ADVANCED,2,รถยนต์นั่งส่วนบุคคลไม่เกิน 7 คน
2024-01,RY1,TOYOTA,CROWN CROSSOVER RS ADVANCE,3,รถยนต์นั่งส่วนบุคคลไม่เกิน 7 คน
2024-01,RY1,TOYOTA,CROWN CROSSOVER RS ADVANCED,1,รถยนต์นั่งส่วนบุคคลไม่เกิน 7 คน
2024-01,RY1,TOYOTA,FORTUNER,1972,รถยนต์นั่งส่วนบุคคลไม่เกิน 7 คน
2024-01,RY1,TOYOTA,GR 86 RZ,1,รถยนต์นั่งส่วนบุคคลไม่เกิน 7 คน
2024-01,RY1,TOYOTA,GR SUPRA RZ,1,รถยนต์นั่งส่วนบุคคลไม่เกิน 7 คน
2024-01,RY1,TOYOTA,GR YARIS GRMN,1,รถยนต์นั่งส่วนบุคคลไม่เกิน 7 คน
2024-01,RY1,TOYOTA,GR86,1,รถยนต์นั่งส่วนบุคคลไม่เกิน 7 คน
2024-01,RY1,TOYOTA,GR86 RC,1,รถยนต์นั่งส่วนบุคคลไม่เกิน 7 คน
2024-01,RY1,TOYOTA,GR86 RZ 10th ANNIVERSARY,3,รถยนต์นั่งส่วนบุคคลไม่เกิน 7 คน
2024-01,RY1,TOYOTA,GR86 RZ 2WD,1,รถยนต์นั่งส่วนบุคคลไม่เกิน 7 คน
2024-01,RY1,TOYOTA,HARRIER 2.5 HYBRID Z LEATHER,1,รถยนต์นั่งส่วนบุคคลไม่เกิน 7 คน
2024-01,RY1,TOYOTA,HARRIER HYBRID G,1,รถยนต์นั่งส่วนบุคคลไม่เกิน 7 คน
2024-01,RY1,TOYOTA,HARRIER HYBRID Z LEATHER,2,รถยนต์นั่งส่วนบุคคลไม่เกิน 7 คน
2024-01,RY1,TOYOTA,HILUX REVO,3702,รถยนต์นั่งส่วนบุคคลไม่เกิน 7 คน
2024-01,RY1,TOYOTA,INNOVA,200,รถยนต์นั่งส่วนบุคคลไม่เกิน 7 คน
2024-01,RY1,TOYOTA,LAND CRUISER PRADO TX,1,รถยนต์นั่งส่วนบุคคลไม่เกิน 7 คน
2024-01,RY1,TOYOTA,LAND CRUISER PRADO TXL MATT,1,รถยนต์นั่งส่วนบุคคลไม่เกิน 7 คน
2024-01,RY1,TOYOTA,LAND CRUISER PRADO TZ G 2.8L,4,รถยนต์นั่งส่วนบุคคลไม่เกิน 7 คน
2024-01,RY1,TOYOTA,LAND CRUISER PRADO TZ-G,2,รถยนต์นั่งส่วนบุคคลไม่เกิน 7 คน
2024-01,RY1,TOYOTA,LAND CRUISER ZX,3,รถยนต์นั่งส่วนบุคคลไม่เกิน 7 คน
2024-01,RY1,TOYOTA,LANDCRUISER PRADO 2.8 DIESEL,2,รถยนต์นั่งส่วนบุคคลไม่เกิน 7 คน
2024-01,RY1,TOYOTA,LANDCRUISER PRADO TZ-G,1,รถยนต์นั่งส่วนบุคคลไม่เกิน 7 คน
2024-01,RY1,TOYOTA,NOAH HYBRID X,4,รถยนต์นั่งส่วนบุคคลไม่เกิน 7 คน
2024-01,RY1,TOYOTA,SIENTA,2,รถยนต์นั่งส่วนบุคคลไม่เกิน 7 คน
2024-01,RY1,TOYOTA,TR TRANSFORMER,1,รถยนต์นั่งส่วนบุคคลไม่เกิน 7 คน
2024-01,RY1,TOYOTA,VELLFIRE,14,รถยนต์นั่งส่วนบุคคลไม่เกิน 7 คน
2024-01,RY1,TOYOTA,VELLFIRE 2.5X SIDE LIFT,1,รถยนต์นั่งส่วนบุคคลไม่เกิน 7 คน
2024-01,RY1,TOYOTA,VELLFIRE HYBRID Z,1,รถยนต์นั่งส่วนบุคคลไม่เกิน 7 คน
2024-01,RY1,TOYOTA,VELLFIRE HYBRID Z PREMIER,6,รถยนต์นั่งส่วนบุคคลไม่เกิน 7 คน
2024-01,RY1,TOYOTA,VELLFIRE Z PREMIER,3,รถยนต์นั่งส่วนบุคคลไม่เกิน 7 คน
2024-01,RY1,TOYOTA,VELLFIRE Z PREMIER HYBRID,8,รถยนต์นั่งส่วนบุคคลไม่เกิน 7 คน
2024-01,RY1,TOYOTA,VELOZ,768,รถยนต์นั่งส่วนบุคคลไม่เกิน 7 คน
2024-01,RY1,TOYOTA,VOXY HYBRID S-G,1,รถยนต์นั่งส่วนบุคคลไม่เกิน 7 คน
2024-01,RY1,TOYOTA,VOXY HYBRID S-Z,16,รถยนต์นั่งส่วนบุคคลไม่เกิน 7 คน
2024-01,RY1,TOYOTA,VOXY HYBRID SZ 1.8L,3,รถยนต์นั่งส่วนบุคคลไม่เกิน 7 คน
2024-01,RY1,TOYOTA,VOXY SZ HYBRID 1.8L,2,รถยนต์นั่งส่วนบุคคลไม่เกิน 7 คน
2024-01,RY1,TOYOTA,Yaris 1.2J CVT,1,รถยนต์นั่งส่วนบุคคลไม่เกิน 7 คน
2024-01,RY1,TOYOTA,YARIS,1292,รถยนต์นั่งส่วนบุคคลไม่เกิน 7 คน
2024-01,RY1,TOYOTA,YARIS ATIV,5948,รถยนต์นั่งส่วนบุคคลไม่เกิน 7 คน
2024-01,RY1,TOYOTA,YARIS CROSS,3223,รถยนต์นั่งส่วนบุคคลไม่เกิน 7 คน
2024-01,RY1,TOYOTA,YARIS GRMN CIRCUIT PACKAGE,1,รถยนต์นั่งส่วนบุคคลไม่เกิน 7 คน
2024-01,RY1,TOYOTA,YARIS GRMN RALLY PACKAGE,2,รถยนต์นั่งส่วนบุคคลไม่เกิน 7 คน
2024-01,RY1,VOLT,VOLT FOR FOUR,17,รถยนต์นั่งส่วนบุคคลไม่เกิน 7 คน
2024-01,RY1,VOLT,VOLT FOR TWO,3,รถยนต์นั่งส่วนบุคคลไม่เกิน 7 คน
2024-01,RY1,VOLVO,C40,83,รถยนต์นั่งส่วนบุคคลไม่เกิน 7 คน
2024-01,RY1,VOLVO,S60,14,รถยนต์นั่งส่วนบุคคลไม่เกิน 7 คน
2024-01,RY1,VOLVO,S90,5,รถยนต์นั่งส่วนบุคคลไม่เกิน 7 คน
2024-01,RY1,VOLVO,V60,12,รถยนต์นั่งส่วนบุคคลไม่เกิน 7 คน
2024-01,RY1,VOLVO,XC40,182,รถยนต์นั่งส่วนบุคคลไม่เกิน 7 คน
2024-01,RY1,VOLVO,XC60,62,รถยนต์นั่งส่วนบุคคลไม่เกิน 7 คน
2024-01,RY1,VOLVO,XC90,24,รถยนต์นั่งส่วนบุคคลไม่เกิน 7 คน
2024-01,RY1,WULING,Air EV LR,236,รถยนต์นั่งส่วนบุคคลไม่เกิน 7 คน
2024-01,RY1,WULING,Air EV SR,14,รถยนต์นั่งส่วนบุคคลไม่เกิน 7 คน
2024-01,RY2,FORD,RANGER,6,รถยนต์นั่งส่วนบุคคลเกิน 7 คน
2024-01,RY2,FORD,RANGER RAPTOR,19,รถยนต์นั่งส่วนบุคคลเกิน 7 คน
2024-01,RY2,FOTON,BJ1031EVJA3,1,รถยนต์นั่งส่วนบุคคลเกิน 7 คน
2024-01,RY2,HYUNDAI,H-1,166,รถยนต์นั่งส่วนบุคคลเกิน 7 คน
2024-01,RY2,HYUNDAI,STARIA,167,รถยนต์นั่งส่วนบุคคลเกิน 7 คน
2024-01,RY2,ISUZU,D-MAX,12,รถยนต์นั่งส่วนบุคคลเกิน 7 คน
2024-01,RY2,KIA,CARNIVAL,125,รถยนต์นั่งส่วนบุคคลเกิน 7 คน
2024-01,RY2,MERCEDES BENZ,SPRINTER 419 CDI (907),1,รถยนต์นั่งส่วนบุคคลเกิน 7 คน
2024-01,RY2,MERCEDES BENZ,VITO 115 CDI COM.EX.LONG,1,รถยนต์นั่งส่วนบุคคลเกิน 7 คน
2024-01,RY2,MERCEDES BENZ,VITO 119 CDI,18,รถยนต์นั่งส่วนบุคคลเกิน 7 คน
2024-01,RY2,NISSAN,NAVARA,8,รถยนต์นั่งส่วนบุคคลเกิน 7 คน
2024-01,RY2,NISSAN,UVL4RDRE26KWDMERCE,1,รถยนต์นั่งส่วนบุคคลเกิน 7 คน
2024-01,RY2,SUZUKI,CARRY 1.5L MT,3,รถยนต์นั่งส่วนบุคคลเกิน 7 คน
2024-01,RY2,TOYOTA,COMMUTER,500,รถยนต์นั่งส่วนบุคคลเกิน 7 คน
2024-01,RY2,TOYOTA,HIACE,134,รถยนต์นั่งส่วนบุคคลเกิน 7 คน
2024-01,RY2,TOYOTA,HIACE MAJESTY,8,รถยนต์นั่งส่วนบุคคลเกิน 7 คน
2024-01,RY2,TOYOTA,HILUX REVO,66,รถยนต์นั่งส่วนบุคคลเกิน 7 คน
2024-01,RY2,TOYOTA,KDH223R-LEPDYT B1,1,รถยนต์นั่งส่วนบุคคลเกิน 7 คน
2024-01,RY2,TOYOTA,TRH223R-LEMDKT C6,1,รถยนต์นั่งส่วนบุคคลเกิน 7 คน
2024-01,RY2,VOLKSWAGEN,CARAVELLE COMFORTLINE 2,1,รถยนต์นั่งส่วนบุคคลเกิน 7 คน
2024-01,RY2,VOLKSWAGEN,CARAVELLE COMFORTLINE2.0L,6,รถยนต์นั่งส่วนบุคคลเกิน 7 คน
2024-01,RY2,VOLKSWAGEN,CARAVELLE T69 2.0 L,2,รถยนต์นั่งส่วนบุคคลเกิน 7 คน
2024-01,RY2,VOLKSWAGEN,TRANSPORTER,1,รถยนต์นั่งส่วนบุคคลเกิน 7 คน
2024-01,RY2,YAMAHA,NMAX,1,รถยนต์นั่งส่วนบุคคลเกิน 7 คน
2024-01,RY3,BYD,T3,33,รถยนต์บรรทุกส่วนบุคคล
2024-01,RY3,DAIHATSU,HIJET CARGO,4,รถยนต์บรรทุกส่วนบุคคล
2024-01,RY3,DAIHATSU,HIJET CARGO CRUISE TURBO,1,รถยนต์บรรทุกส่วนบุคคล
2024-01,RY3,DAIHATSU,HIJET TRUCK JUMBO EXTRA,1,รถยนต์บรรทุกส่วนบุคคล
2024-01,RY3,DFSK,EQ1021TF22QN11,1,รถยนต์บรรทุกส่วนบุคคล
2024-01,RY3,FORD,RANGER,339,รถยนต์บรรทุกส่วนบุคคล
2024-01,RY3,FORD,RANGER SWB,10,รถยนต์บรรทุกส่วนบุคคล
2024-01,RY3,FOTON,BJ1031EVJA3,27,รถยนต์บรรทุกส่วนบุคคล
2024-01,RY3,FOTON,BJ1045V8JD3-FA,2,รถยนต์บรรทุกส่วนบุคคล
2024-01,RY3,HINO,FG8JF1D-JJT,1,รถยนต์บรรทุกส่วนบุคคล
2024-01,RY3,HINO,FG8JJ1A-JJT,1,รถยนต์บรรทุกส่วนบุคคล
2024-01,RY3,HINO,FL8JN1A-SGT,1,รถยนต์บรรทุกส่วนบุคคล
2024-01,RY3,HINO,FM8JN1D-SGT,1,รถยนต์บรรทุกส่วนบุคคล
2024-01,RY3,HINO,XZU600R-HKMLKT3,39,รถยนต์บรรทุกส่วนบุคคล
2024-01,RY3,HINO,XZU720R-HKFTLT3,1,รถยนต์บรรทุกส่วนบุคคล
2024-01,RY3,ISUZU,D-MAX,4145,รถยนต์บรรทุกส่วนบุคคล
2024-01,RY3,ISUZU,FTR34JXXXU,3,รถยนต์บรรทุกส่วนบุคคล
2024-01,RY3,ISUZU,FTR34LXXXU,2,รถยนต์บรรทุกส่วนบุคคล
2024-01,RY3,ISUZU,FVZ34QNDXU,6,รถยนต์บรรทุกส่วนบุคคล
2024-01,RY3,ISUZU,FVZ34QSDFU,1,รถยนต์บรรทุกส่วนบุคคล
2024-01,RY3,ISUZU,NLR77EXXXW,4,รถยนต์บรรทุกส่วนบุคคล
2024-01,RY3,ISUZU,NLR85EXSXY,12,รถยนต์บรรทุกส่วนบุคคล
2024-01,RY3,ISUZU,NLR85EXXXU,128,รถยนต์บรรทุกส่วนบุคคล
2024-01,RY3,ISUZU,NQR75HXXXU,2,รถยนต์บรรทุกส่วนบุคคล
2024-01,RY3,MAN,TGS 33.360 6X4 BB CH,1,รถยนต์บรรทุกส่วนบุคคล
2024-01,RY3,MAZDA,MAZDA BT-50,9,รถยนต์บรรทุกส่วนบุคคล
2024-01,RY3,MG,MG EXTENDER,17,รถยนต์บรรทุกส่วนบุคคล
2024-01,RY3,MINE MOBILITY,MTS-MT30,4,รถยนต์บรรทุกส่วนบุคคล
2024-01,RY3,MITSUBISHI,TRITON,530,รถยนต์บรรทุกส่วนบุคคล
2024-01,RY3,NEX,NPS,1,รถยนต์บรรทุกส่วนบุคคล
2024-01,RY3,NISSAN,NAVARA,138,รถยนต์บรรทุกส่วนบุคคล
2024-01,RY3,SERES,EC31,20,รถยนต์บรรทุกส่วนบุคคล
2024-01,RY3,SUZUKI,AF416PUM14060,1,รถยนต์บรรทุกส่วนบุคคล
2024-01,RY3,SUZUKI,CARRY 1.5L MT,151,รถยนต์บรรทุกส่วนบุคคล
2024-01,RY3,TAKANO,TTE-500,1,รถยนต์บรรทุกส่วนบุคคล
2024-01,RY3,TOYOTA,COMMUTER,6,รถยนต์บรรทุกส่วนบุคคล
2024-01,RY3,TOYOTA,HIACE,54,รถยนต์บรรทุกส่วนบุคคล
2024-01,RY3,TOYOTA,HILUX CHAMP,7,รถยนต์บรรทุกส่วนบุคคล
2024-01,RY3,TOYOTA,HILUX REVO,5586,รถยนต์บรรทุกส่วนบุคคล
